{"mean":{"confidence_interval":{"confidence_level":0.95,"lower_bound":42112.8021000763,"upper_bound":44891.77590555153},"point_estimate":43465.6167165594,"standard_error":708.2789397638055},"median":{"confidence_interval":{"confidence_level":0.95,"lower_bound":39779.8681335624,"upper_bound":43444.65108225108},"point_estimate":41482.49879464286,"standard_error":904.480783048191},"median_abs_dev":{"confidence_interval":{"confidence_level":0.95,"lower_bound":4049.7688947688957,"upper_bound":7640.949585759294},"point_estimate":6079.368848092368,"standard_error":912.6322774239965},"slope":{"confidence_interval":{"confidence_level":0.95,"lower_bound":43334.235397314995,"upper_bound":47110.794132714145},"point_estimate":45233.734217878075,"standard_error":968.1863553587874},"std_dev":{"confidence_interval":{"confidence_level":0.95,"lower_bound":5886.677769890646,"upper_bound":8254.169539468554},"point_estimate":7113.116735901451,"standard_error":605.7626306849722}}