{"mean":{"confidence_interval":{"confidence_level":0.95,"lower_bound":32454.445746574514,"upper_bound":34880.0331770201},"point_estimate":33625.20549943911,"standard_error":618.4632968117689},"median":{"confidence_interval":{"confidence_level":0.95,"lower_bound":30343.512076639166,"upper_bound":32771.05285776194},"point_estimate":31987.431833791212,"standard_error":621.2055733186791},"median_abs_dev":{"confidence_interval":{"confidence_level":0.95,"lower_bound":3033.1287727384984,"upper_bound":5333.146758194887},"point_estimate":4129.431468058802,"standard_error":616.9061546356902},"slope":{"confidence_interval":{"confidence_level":0.95,"lower_bound":34190.84021744985,"upper_bound":38298.19960866895},"point_estimate":36203.811961264226,"standard_error":1053.1750755294465},"std_dev":{"confidence_interval":{"confidence_level":0.95,"lower_bound":4987.068330460656,"upper_bound":7292.87573875951},"point_estimate":6201.985219905913,"standard_error":587.9071370578956}}